reference,reference_run,detector,detector_run,xmin_keV,xmax_keV,counts_reference,counts_detector,rate_reference_per_s,rate_detector_per_s,rate_reference_error_per_s,rate_detector_error_per_s,difference_percent,difference_error_percent
V03421A,run0001,V03422A,run0001,20,150,3974464.0,4003203.0,220.80355555555556,222.40016666666668,0.11075587658237762,0.11115558832022264,0.723091214312177,0.07132206477113015
V03421A,run0001,V03422A,run0001,200,350,846106.0,1028282.0,47.00588888888889,57.126777777777775,0.05110223352853511,0.05633568919027449,21.531108395401976,0.17838104435305221
V03421A,run0001,V03422A,run0001,600,700,119674.0,147467.0,6.648555555555555,8.19261111111111,0.019218850057453076,0.02133412903608664,23.223924996239774,0.479422028924548
V03421A,run0001,V03422A,run0001,1350,1600,84863.0,106460.0,4.714611111111111,5.914444444444444,0.016184030385110282,0.01812678258581981,25.44925350270435,0.5772969343461235
V03421A,run0001,V03422A,run0001,2550,2700,15038.0,19163.0,0.8354444444444444,1.0646111111111112,0.006812751297890858,0.007690582665077794,27.430509376246846,1.3882447230919361
V03421A,run0002,V03422A,run0002,20,150,3324099.0,3482442.0,184.67216666666667,193.469,0.10128950989522466,0.10367390114092252,4.763486286058272,0.08033304959403849
V03421A,run0002,V03422A,run0002,200,350,859179.0,1046691.0,47.732166666666664,58.1495,0.05149550501778808,0.056837731990094204,21.824555767773667,0.1773496769366078
V03421A,run0002,V03422A,run0002,600,700,121190.0,150480.0,6.732777777777778,8.36,0.019340196738310167,0.021550973166992816,24.168660780592454,0.47924771891789225
V03421A,run0002,V03422A,run0002,1350,1600,85254.0,106994.0,4.7363333333333335,5.944111111111111,0.016221270900568477,0.01817218740443011,25.50026978206301,0.5761538658988952
V03421A,run0002,V03422A,run0002,2550,2700,15037.0,19612.0,0.8353888888888888,1.0895555555555556,0.006812524776260303,0.007780158365838762,30.424951785595546,1.4137235584969703
V03421A,run0003,V03422A,run0003,20,150,3697258.0,3920525.0,205.4032222222222,217.80694444444444,0.10682364028367873,0.11000175363360866,6.038718423220679,0.07687175148929576
V03421A,run0003,V03422A,run0003,200,350,847658.0,1033470.0,47.09211111111111,57.415,0.05114908009985838,0.056477625855043005,21.920633085513263,0.17865991100591344
V03421A,run0003,V03422A,run0003,600,700,119640.0,147606.0,6.6466666666666665,8.200333333333333,0.019216119776355976,0.021344181269706133,23.37512537612838,0.47994669563593995
V03421A,run0003,V03422A,run0003,1350,1600,85011.0,106815.0,4.722833333333333,5.934166666666667,0.0161981366097965,0.018156980088272552,25.64844549528886,0.577506890701081
V03421A,run0003,V03422A,run0003,2550,2700,15205.0,19420.0,0.8447222222222223,1.0788888888888888,0.006850475337206828,0.007741981116286597,27.721144360407735,1.3830563249362844
V03421A,run0001,V07298B,run0001,20,150,3974464.0,3569582.0,220.80355555555556,198.3101111111111,0.11075587658237762,0.10496298583339618,-10.187084346467856,0.06549271493606082
V03421A,run0001,V07298B,run0001,200,350,846106.0,721745.0,47.00588888888889,40.096944444444446,0.05110223352853511,0.04719754257047032,-14.698040198273032,0.13668067769287087
V03421A,run0001,V07298B,run0001,600,700,119674.0,98340.0,6.648555555555555,5.463333333333333,0.019218850057453076,0.017421782874278927,-17.82676270534954,0.3536776227439628
V03421A,run0001,V07298B,run0001,1350,1600,84863.0,63778.0,4.714611111111111,3.543222222222222,0.016184030385110282,0.014030170313019927,-24.84592814300697,0.39384667792500766
V03421A,run0001,V07298B,run0001,2550,2700,15038.0,10857.0,0.8354444444444444,0.6031666666666666,0.006812751297890858,0.005788718274303843,-27.80289932171832,0.9092383723499383
V03421A,run0002,V07298B,run0002,20,150,3324099.0,3621183.0,184.67216666666667,201.17683333333332,0.10128950989522466,0.10571892328595076,8.937278943858162,0.08274833309241486
V03421A,run0002,V07298B,run0002,200,350,859179.0,738277.0,47.732166666666664,41.015388888888886,0.05149550501778808,0.047735026092476186,-14.07180575875342,0.1363636576225488
V03421A,run0002,V07298B,run0002,600,700,121190.0,99542.0,6.732777777777778,5.530111111111111,0.019340196738310167,0.017527931853522492,-17.86285997194488,0.35134651661919086
V03421A,run0002,V07298B,run0002,1350,1600,85254.0,64327.0,4.7363333333333335,3.573722222222222,0.016221270900568477,0.014090426659856334,-24.5466488375912,0.39406033126519124
V03421A,run0002,V07298B,run0002,2550,2700,15037.0,10716.0,0.8353888888888888,0.5953333333333334,0.006812524776260303,0.0057510063531589035,-28.73578506351,0.9009246439535394
V03421A,run0003,V07298B,run0003,20,150,3697258.0,3696726.0,205.4032222222222,205.37366666666668,0.10682364028367873,0.10681595455805348,-0.014389041825035864,0.0735407827782049
V03421A,run0003,V07298B,run0003,200,350,847658.0,722835.0,47.09211111111111,40.1575,0.05114908009985838,0.04723316866590915,-14.725632271505729,0.1365232415246992
V03421A,run0003,V07298B,run0003,600,700,119640.0,97469.0,6.6466666666666665,5.414944444444444,0.019216119776355976,0.017344458680327277,-18.531427616181883,0.35152608885462516
V03421A,run0003,V07298B,run0003,1350,1600,85011.0,64100.0,4.722833333333333,3.561111111111111,0.0161981366097965,0.014065543223524626,-24.597993200879888,0.39443111639401085
V03421A,run0003,V07298B,run0003,2550,2700,15205.0,10927.0,0.8447222222222223,0.6070555555555556,0.006850475337206828,0.005807349536748697,-28.135481749424528,0.9012746576086226
V03421A,run0001,V07302A,run0001,20,150,3974464.0,3210613.0,220.80355555555556,178.36738888888888,0.11075587658237762,0.09954546389824123,-19.21896889744127,0.06061663752802103
V03421A,run0001,V07302A,run0001,200,350,846106.0,658368.0,47.00588888888889,36.576,0.05110223352853511,0.04507771067833858,-22.188472839100537,0.12787614580082307
V03421A,run0001,V07302A,run0001,600,700,119674.0,86236.0,6.648555555555555,4.7908888888888885,0.019218850057453076,0.016314425942311316,-27.940906128315255,0.3218720829082716
V03421A,run0001,V07302A,run0001,1350,1600,84863.0,54391.0,4.714611111111111,3.0217222222222224,0.016184030385110282,0.012956598966940493,-35.907285860740245,0.35203819899817557
V03421A,run0001,V07302A,run0001,2550,2700,15038.0,8722.0,0.8354444444444444,0.4845555555555556,0.006812751297890858,0.005188424913826908,-42.000265992818186,0.7806316198241434
V03421A,run0002,V07302A,run0002,20,150,3324099.0,3607361.0,184.67216666666667,200.40894444444444,0.10128950989522466,0.10551696663055464,8.521467020085737,0.0825080340255597
V03421A,run0002,V07302A,run0002,200,350,859179.0,672919.0,47.732166666666664,37.384388888888886,0.05149550501778808,0.04557313346509279,-21.67883526017279,0.12749677162154113
V03421A,run0002,V07302A,run0002,600,700,121190.0,87803.0,6.732777777777778,4.877944444444444,0.019340196738310167,0.01646198388956346,-27.54930274775147,0.3210852602475371
V03421A,run0002,V07302A,run0002,1350,1600,85254.0,54060.0,4.7363333333333335,3.0033333333333334,0.016221270900568477,0.012917114687570591,-36.5894855373355,0.3486287948922635
V03421A,run0002,V07302A,run0002,2550,2700,15037.0,8803.0,0.8353888888888888,0.4890555555555556,0.006812524776260303,0.005212461327091046,-41.457737580634436,0.7856455896645224
V03421A,run0003,V07302A,run0003,20,150,3697258.0,3187907.0,205.4032222222222,177.10594444444445,0.10682364028367873,0.09919283812757083,-13.776452711712295,0.06590075070754856
V03421A,run0003,V07302A,run0003,200,350,847658.0,657840.0,47.09211111111111,36.54666666666667,0.05114908009985838,0.04505963127201964,-22.393229344853694,0.12751733634699974
V03421A,run0003,V07302A,run0003,600,700,119640.0,86527.0,6.6466666666666665,4.807055555555555,0.019216119776355976,0.016341928955154243,-27.677198261451018,0.3227533750399864
V03421A,run0003,V07302A,run0003,1350,1600,85011.0,54043.0,4.722833333333333,3.002388888888889,0.0161981366097965,0.012915083535000824,-36.42822693533777,0.3497427982150042
V03421A,run0003,V07302A,run0003,2550,2700,15205.0,8681.0,0.8447222222222223,0.4822777777777778,0.006850475337206828,0.005176215787285457,-42.906938507070045,0.7680278266535688
V03421A,run0001,V07302B,run0001,20,150,3974464.0,3413008.0,220.80355555555556,189.61155555555555,0.11075587658237762,0.10263515629959344,-14.126584112977248,0.06337219146768246
V03421A,run0001,V07302B,run0001,200,350,846106.0,599564.0,47.00588888888889,33.30911111111111,0.05110223352853511,0.0430175100725217,-29.138429463920602,0.11962313954188482
V03421A,run0001,V07302B,run0001,600,700,119674.0,77239.0,6.648555555555555,4.291055555555555,0.019218850057453076,0.015439947386848245,-35.45882982101375,0.2978899179425534
V03421A,run0001,V07302B,run0001,1350,1600,84863.0,47771.0,4.714611111111111,2.6539444444444444,0.016184030385110282,0.01214254330956622,-43.70809422245265,0.3219823229026321
V03421A,run0001,V07302B,run0001,2550,2700,15038.0,7480.0,0.8354444444444444,0.41555555555555557,0.006812751297890858,0.004804832957875479,-50.25934299773907,0.7037697336203173
V03421A,run0002,V07302B,run0002,20,150,3324099.0,3561079.0,184.67216666666667,197.83772222222223,0.10128950989522466,0.10483789662093204,7.129149883923436,0.08170289886524415
V03421A,run0002,V07302B,run0002,200,350,859179.0,616388.0,47.732166666666664,34.24377777777778,0.05149550501778808,0.04361687859952191,-28.258488626933374,0.11975153095950399
V03421A,run0002,V07302B,run0002,600,700,121190.0,79504.0,6.732777777777778,4.416888888888889,0.019340196738310167,0.015664696487624096,-34.397227494017656,0.2994066940443496
V03421A,run0002,V07302B,run0002,1350,1600,85254.0,48550.0,4.7363333333333335,2.6972222222222224,0.016221270900568477,0.01224114696473928,-43.05252539470289,0.32378521857113357
V03421A,run0002,V07302B,run0002,2550,2700,15037.0,7429.0,0.8353888888888888,0.4127222222222222,0.006812524776260303,0.0047884248292814425,-50.595198510341156,0.7006260113788296
V03421A,run0003,V07302B,run0003,20,150,3697258.0,3452372.0,205.4032222222222,191.79844444444444,0.10682364028367873,0.10322533185125862,-6.623449053325459,0.0698845125800215
V03421A,run0003,V07302B,run0003,200,350,847658.0,603501.0,47.09211111111111,33.527833333333334,0.05114908009985838,0.04315851488880737,-28.80371564947184,0.1199127876115069
V03421A,run0003,V07302B,run0003,600,700,119640.0,78190.0,6.6466666666666665,4.3438888888888885,0.019216119776355976,0.015534708252613797,-34.645603477097964,0.3005433171766141
V03421A,run0003,V07302B,run0003,1350,1600,85011.0,48012.0,4.722833333333333,2.667333333333333,0.0161981366097965,0.01217313374547348,-43.522602957264354,0.32242267765780813
V03421A,run0003,V07302B,run0003,2550,2700,15205.0,7549.0,0.8447222222222223,0.41938888888888887,0.006850475337206828,0.004826943413387957,-50.351857941466626,0.699027003373092
V03421A,run0001,V07647B,run0001,20,150,3974464.0,3100281.0,220.80355555555556,172.23783333333333,0.11075587658237762,0.09782008238863081,-21.994991022688847,0.05910688517966818
V03421A,run0001,V07647B,run0001,200,350,846106.0,651710.0,47.00588888888889,36.20611111111111,0.05110223352853511,0.04484919862476866,-22.975371880119035,0.12694607074608016
V03421A,run0001,V07647B,run0001,600,700,119674.0,85671.0,6.648555555555555,4.7595,0.019218850057453076,0.016260893784373193,-28.413022043217406,0.32037548277178485
V03421A,run0001,V07647B,run0001,1350,1600,84863.0,53375.0,4.714611111111111,2.9652777777777777,0.016184030385110282,0.012835016724608801,-37.10450962138977,0.3474602231477583
V03421A,run0001,V07647B,run0001,2550,2700,15038.0,8958.0,0.8354444444444444,0.49766666666666665,0.006812751297890858,0.005258150639545062,-40.43090836547414,0.7950415662139445
V03421A,run0002,V07647B,run0002,20,150,3324099.0,3618453.0,184.67216666666667,201.02516666666668,0.10128950989522466,0.10567906516815341,8.855151425995444,0.08270087682261122
V03421A,run0002,V07647B,run0002,200,350,859179.0,665210.0,47.732166666666664,36.95611111111111,0.05149550501778808,0.0453113372562609,-22.576087171590544,0.12644504273110282
V03421A,run0002,V07647B,run0002,600,700,121190.0,86817.0,6.732777777777778,4.823166666666666,0.019340196738310167,0.016369291484474937,-28.36290122947438,0.3185232836784813
V03421A,run0002,V07647B,run0002,1350,1600,85254.0,53705.0,4.7363333333333335,2.983611111111111,0.016221270900568477,0.01287463292057316,-37.005888286766606,0.3470392160012063
V03421A,run0002,V07647B,run0002,2550,2700,15037.0,8853.0,0.8353888888888888,0.49183333333333334,0.006812524776260303,0.005227243448900585,-41.12522444636563,0.7886993944744314
V03421A,run0003,V07647B,run0003,20,150,3697258.0,3144469.0,205.4032222222222,174.69272222222222,0.10682364028367873,0.09851472597824094,-14.951323386141835,0.06524344628270586
V03421A,run0003,V07647B,run0003,200,350,847658.0,651808.0,47.09211111111111,36.211555555555556,0.05114908009985838,0.04485257056646534,-23.104837092317887,0.12667682123871177
V03421A,run0003,V07647B,run0003,600,700,119640.0,85813.0,6.6466666666666665,4.767388888888889,0.019216119776355976,0.016274364450620027,-28.27398863256435,0.3208619212049219
V03421A,run0003,V07647B,run0003,1350,1600,85011.0,54200.0,4.722833333333333,3.011111111111111,0.0161981366097965,0.012933829696469796,-36.24354495300608,0.35044811837448336
V03421A,run0003,V07647B,run0003,2550,2700,15205.0,8733.0,0.8447222222222223,0.4851666666666667,0.006850475337206828,0.00519169564821588,-42.56494574153239,0.7711627167978312
V03421A,run0001,V10437B,run0001,20,150,3974464.0,4103089.0,220.80355555555556,227.94938888888888,0.11075587658237762,0.11253379464974779,3.236285446289111,0.07265701062748396
V03421A,run0001,V10437B,run0001,200,350,846106.0,1107893.0,47.00588888888889,61.54961111111111,0.05110223352853511,0.058475831242541326,30.940213164780772,0.18904879590337867
V03421A,run0001,V10437B,run0001,600,700,119674.0,160543.0,6.648555555555555,8.919055555555556,0.019218850057453076,0.022259898616565018,34.150274913515055,0.5123222480587146
V03421A,run0001,V10437B,run0001,1350,1600,84863.0,118512.0,4.714611111111111,6.584,0.016184030385110282,0.0191253177170414,39.65096685245631,0.6279894906175361
V03421A,run0001,V10437B,run0001,2550,2700,15038.0,22113.0,0.8354444444444444,1.2285,0.006812751297890858,0.008261355820929153,47.04747971804761,1.5542610595920396
V03421A,run0002,V10437B,run0002,20,150,3324099.0,3852217.0,184.67216666666667,214.01205555555555,0.10128950989522466,0.10903925275778127,15.887553288876166,0.08675514185415724
V03421A,run0002,V10437B,run0002,200,350,859179.0,1128944.0,47.732166666666664,62.71911111111111,0.05149550501778808,0.059028764697631915,31.39799739053213,0.1881188626761466
V03421A,run0002,V10437B,run0002,600,700,121190.0,163541.0,6.732777777777778,9.085611111111112,0.019340196738310167,0.02246677931612598,34.94595263635614,0.5114821982081384
V03421A,run0002,V10437B,run0002,1350,1600,85254.0,118028.0,4.7363333333333335,6.557111111111111,0.016221270900568477,0.019086224105812125,38.44277101367677,0.6222570696941879
V03421A,run0002,V10437B,run0002,2550,2700,15037.0,21840.0,0.8353888888888888,1.2133333333333334,0.006812524776260303,0.00821020142307163,45.24173704861343,1.5390839493638608
V03421A,run0003,V10437B,run0003,20,150,3697258.0,4277932.0,205.4032222222222,237.6628888888889,0.10682364028367873,0.11490645685582902,15.705530963757464,0.0821613982654764
V03421A,run0003,V10437B,run0003,200,350,847658.0,1112500.0,47.09211111111111,61.80555555555556,0.05114908009985838,0.05859728641591385,31.24396867604624,0.1892189167181743
V03421A,run0003,V10437B,run0003,600,700,119640.0,162001.0,6.6466666666666665,9.000055555555555,0.019216119776355976,0.022360748789335142,35.4070544968238,0.5161693111274804
V03421A,run0003,V10437B,run0003,1350,1600,85011.0,118795.0,4.722833333333333,6.599722222222222,0.0161981366097965,0.019148139193349865,39.74073943372034,0.6277617875986858
V03421A,run0003,V10437B,run0003,2550,2700,15205.0,21917.0,0.8447222222222223,1.2176111111111112,0.006850475337206828,0.008224661800244134,44.143373890167716,1.521341107457134
V03421A,run0001,V10447B,run0001,20,150,3974464.0,4042933.0,220.80355555555556,224.6073888888889,0.11075587658237762,0.11170581127051958,1.7227228627558322,0.07185336562117822
V03421A,run0001,V10447B,run0001,200,350,846106.0,1096748.0,47.00588888888889,60.93044444444445,0.05110223352853511,0.058180965026011944,29.623002318858394,0.18755832530430758
V03421A,run0001,V10447B,run0001,600,700,119674.0,158625.0,6.648555555555555,8.8125,0.019218850057453076,0.022126530078919588,32.547587613015374,0.5075068747945497
V03421A,run0001,V10447B,run0001,1350,1600,84863.0,114898.0,4.714611111111111,6.383222222222222,0.016184030385110282,0.018831448611036895,35.392338239279766,0.6128215310607654
V03421A,run0001,V10447B,run0001,2550,2700,15038.0,21571.0,0.8354444444444444,1.198388888888889,0.006812751297890858,0.00815948285700921,43.443277031520154,1.523856078276337
V03421A,run0002,V10447B,run0002,20,150,3324099.0,3926211.0,184.67216666666667,218.12283333333335,0.10128950989522466,0.11008149338188133,18.113539939694935,0.08803475931448905
V03421A,run0002,V10447B,run0002,200,350,859179.0,1115154.0,47.732166666666664,61.953,0.05149550501778808,0.05866714014960447,29.79297678365045,0.1863168552416713
V03421A,run0002,V10447B,run0002,600,700,121190.0,160634.0,6.732777777777778,8.924111111111111,0.019340196738310167,0.02226620647118148,32.5472398712765,0.5043215730747409
V03421A,run0002,V10447B,run0002,1350,1600,85254.0,115779.0,4.7363333333333335,6.432166666666666,0.016221270900568477,0.018903507415096082,35.80477162361881,0.6128813796312367
V03421A,run0002,V10447B,run0002,2550,2700,15037.0,21317.0,0.8353888888888888,1.1842777777777778,0.006812524776260303,0.008111301367631659,41.76364966416175,1.5097232539616416
V03421A,run0003,V10447B,run0003,20,150,3697258.0,3980131.0,205.4032222222222,221.1183888888889,0.10682364028367873,0.1108348092355087,7.65088614319045,0.07775634182400701
V03421A,run0003,V10447B,run0003,200,350,847658.0,1100838.0,47.09211111111111,61.157666666666664,0.05114908009985838,0.058289348496514765,29.868177968001252,0.18766378348996393
V03421A,run0003,V10447B,run0003,600,700,119640.0,158654.0,6.6466666666666665,8.814111111111112,0.019216119776355976,0.02212855258497882,32.60949515212306,0.507765077359239
V03421A,run0003,V10447B,run0003,1350,1600,85011.0,116092.0,4.722833333333333,6.4495555555555555,0.0161981366097965,0.018929042288909088,36.56115090988226,0.616449825395483
V03421A,run0003,V10447B,run0003,2550,2700,15205.0,21558.0,0.8447222222222223,1.1976666666666667,0.006850475337206828,0.00815702378548923,41.782308451167374,1.5015163624501746
V03421A,run0001,V10784A,run0001,20,150,3974464.0,4122393.0,220.80355555555556,229.02183333333332,0.11075587658237762,0.11279820559381779,3.7219861596431425,0.07291469764329898
V03421A,run0001,V10784A,run0001,200,350,846106.0,1089803.0,47.00588888888889,60.54461111111111,0.05110223352853511,0.05799646115214995,28.802183177994234,0.1866290763997798
V03421A,run0001,V10784A,run0001,600,700,119674.0,158750.0,6.648555555555555,8.819444444444445,0.019218850057453076,0.022135246459040595,32.652038036666276,0.5078208060059002
V03421A,run0001,V10784A,run0001,1350,1600,84863.0,116373.0,4.714611111111111,6.465166666666667,0.016184030385110282,0.01895193726049994,37.13043375793927,0.6190152985869497
V03421A,run0001,V10784A,run0001,2550,2700,15038.0,22091.0,0.8354444444444444,1.2272777777777777,0.006812751297890858,0.008257245228611786,46.90118366804094,1.553027669255544
V03421A,run0001,V10784A,run0004,20,150,3974464.0,4298635.0,220.80355555555556,238.81305555555556,0.11075587658237762,0.11518416547125149,8.156345107164142,0.07526300331487211
V03421A,run0001,V10784A,run0004,200,350,846106.0,1086743.0,47.00588888888889,60.37461111111111,0.05110223352853511,0.057914981323733454,28.44052636430896,0.18621953036354735
V03421A,run0001,V10784A,run0004,600,700,119674.0,158529.0,6.648555555555555,8.807166666666667,0.019218850057453076,0.022119833567118833,32.46736968765147,0.5072657657344599
V03421A,run0001,V10784A,run0004,1350,1600,84863.0,116572.0,4.714611111111111,6.476222222222222,0.016184030385110282,0.018968134422151013,37.364929356727906,0.6198505908616962
V03421A,run0001,V10784A,run0004,2550,2700,15038.0,22043.0,0.8354444444444444,1.224611111111111,0.006812751297890858,0.0082482695528992,46.581992286208276,1.5503364163318505
V03421A,run0001,V10784A,run0005,20,150,3974464.0,4215010.0,220.80355555555556,234.16722222222222,0.11075587658237762,0.11405827512046984,6.052287805349343,0.07414971011618822
V03421A,run0001,V10784A,run0005,200,350,846106.0,1091732.0,47.00588888888889,60.65177777777778,0.05110223352853511,0.05804776662264055,29.030168796817414,0.18688721487020238
V03421A,run0001,V10784A,run0005,600,700,119674.0,158936.0,6.648555555555555,8.829777777777778,0.019218850057453076,0.022148210082906093,32.80746026705885,0.5082879087378812
V03421A,run0001,V10784A,run0005,1350,1600,84863.0,116229.0,4.714611111111111,6.457166666666667,0.016184030385110282,0.018940208063310218,36.960748500524375,0.6184108158180351
V03421A,run0001,V10784A,run0005,2550,2700,15038.0,22062.0,0.8354444444444444,1.2256666666666667,0.006812751297890858,0.008251823591945756,46.70833887485038,1.5514017400030071
V03421A,run0001,V10784A,run0006,20,150,3974464.0,4213154.0,220.80355555555556,234.06411111111112,0.11075587658237762,0.11403316065248327,6.005589684546142,0.07412498211825728
V03421A,run0001,V10784A,run0006,200,350,846106.0,1092112.0,47.00588888888889,60.67288888888889,0.05110223352853511,0.05805786810917807,29.07508042727507,0.1869380631270423
V03421A,run0001,V10784A,run0006,600,700,119674.0,157877.0,6.648555555555555,8.770944444444444,0.019218850057453076,0.022074299340138173,31.92255627788827,0.5056280050441688
V03421A,run0001,V10784A,run0006,1350,1600,84863.0,116121.0,4.714611111111111,6.4511666666666665,0.016184030385110282,0.01893140639646585,36.8334845574632,0.6179574260130166
V03421A,run0001,V10784A,run0006,2550,2700,15038.0,22024.0,0.8354444444444444,1.2235555555555555,0.006812751297890858,0.008244713981817399,46.45564569756617,1.5492710453009602
V03421A,run0001,V10784A,run0007,20,150,3974464.0,4258664.0,220.80355555555556,236.59244444444445,0.11075587658237762,0.11464739286768812,7.150649747991178,0.07473108205358268
V03421A,run0001,V10784A,run0007,200,350,846106.0,1093268.0,47.00588888888889,60.73711111111111,0.05110223352853511,0.05808858709434483,29.211706334667277,0.18709274225119032
V03421A,run0001,V10784A,run0007,600,700,119674.0,159124.0,6.648555555555555,8.840222222222222,0.019218850057453076,0.022161305394541257,32.964553704229814,0.5087600014506414
V03421A,run0001,V10784A,run0007,1350,1600,84863.0,117243.0,4.714611111111111,6.5135,0.016184030385110282,0.019022647321314434,38.15561552148756,0.6226664899936224
V03421A,run0001,V10784A,run0007,2550,2700,15038.0,22326.0,0.8354444444444444,1.2403333333333333,0.006812751297890858,0.008301048572765214,48.46389147493018,1.5661992842939707
V03421A,run0001,V10784A,run0008,20,150,3974464.0,4255945.0,220.80355555555556,236.4413888888889,0.11075587658237762,0.11461078795667266,7.082238007439501,0.07469488463208918
V03421A,run0001,V10784A,run0008,200,350,846106.0,1090250.0,47.00588888888889,60.56944444444444,0.05110223352853511,0.058008354017352264,28.855013438032586,0.1866888963493995
V03421A,run0001,V10784A,run0008,600,700,119674.0,158589.0,6.648555555555555,8.8105,0.019218850057453076,0.022124019124522158,32.517505891003886,0.5074164599046957
V03421A,run0001,V10784A,run0008,1350,1600,84863.0,115594.0,4.714611111111111,6.421888888888889,0.016184030385110282,0.018888398686449617,36.21248365011842,0.6157447089312129
V03421A,run0001,V10784A,run0008,2550,2700,15038.0,22318.0,0.8354444444444444,1.2398888888888888,0.006812751297890858,0.008299561196194816,48.410692911291385,1.5657510054394443
V03421A,run0001,V10784A,run0009,20,150,3974464.0,4069657.0,220.80355555555556,226.09205555555556,0.11075587658237762,0.11207439383323213,2.395115416820981,0.07221049958997058
V03421A,run0001,V10784A,run0009,200,350,846106.0,1099212.0,47.00588888888889,61.06733333333333,0.05110223352853511,0.058246284255990356,29.914218785825874,0.18788792533213866
V03421A,run0001,V10784A,run0009,600,700,119674.0,161045.0,6.648555555555555,8.946944444444444,0.019218850057453076,0.022294673559749702,34.56974781489714,0.5135820259592045
V03421A,run0001,V10784A,run0009,1350,1600,84863.0,116122.0,4.714611111111111,6.451222222222222,0.016184030385110282,0.01893148791215052,36.83466292730637,0.6179616241759669
V03421A,run0001,V10784A,run0009,2550,2700,15038.0,22222.0,0.8354444444444444,1.2345555555555556,0.006812751297890858,0.008281691841229448,47.772310147626015,1.560371021426155
V03421A,run0001,V10784A,run0010,20,150,3974464.0,3871192.0,220.80355555555556,215.06622222222222,0.11075587658237762,0.10930747209953272,-2.5983881096922734,0.06955352346714035
V03421A,run0001,V10784A,run0010,200,350,846106.0,1094959.0,47.00588888888889,60.83105555555556,0.05110223352853511,0.0581334936712026,29.411563090203828,0.18731898937938726
V03421A,run0001,V10784A,run0010,600,700,119674.0,159654.0,6.648555555555555,8.869666666666667,0.019218850057453076,0.022198181440362615,33.407423500509736,0.5100907253106955
V03421A,run0001,V10784A,run0010,1350,1600,84863.0,116088.0,4.714611111111111,6.449333333333334,0.016184030385110282,0.01892871618193628,36.794598352638964,0.6178188854894894
V03421A,run0001,V10784A,run0010,2550,2700,15038.0,22232.0,0.8354444444444444,1.235111111111111,0.006812751297890858,0.008283555030940356,47.83880835217449,1.560931491548103
V03421A,run0001,V10784A,run0011,20,150,3974464.0,3710559.0,220.80355555555556,206.14216666666667,0.11075587658237762,0.10701561845166617,-6.640014854833254,0.06739449217411617
V03421A,run0001,V10784A,run0011,200,350,846106.0,1095955.0,47.00588888888889,60.88638888888889,0.05110223352853511,0.058159927445740736,29.52927883740335,0.1874522391357603
V03421A,run0001,V10784A,run0011,600,700,119674.0,158862.0,6.648555555555555,8.825666666666667,0.019218850057453076,0.022143053421215756,32.74562561625751,0.5081020760182328
V03421A,run0001,V10784A,run0011,1350,1600,84863.0,116654.0,4.714611111111111,6.480777777777778,0.016184030385110282,0.018974804607071537,37.461555683866955,0.6201947583115373
V03421A,run0001,V10784A,run0011,2550,2700,15038.0,22117.0,0.8354444444444444,1.2287222222222223,0.006812751297890858,0.008262102981627157,47.07407899986702,1.554485305605744
V03421A,run0001,V10784A,run0012,20,150,3974464.0,3555441.0,220.80355555555556,197.5245,0.11075587658237762,0.10475487259948023,-10.542880750712557,0.06530157186813311
V03421A,run0001,V10784A,run0012,200,350,846106.0,1097995.0,47.00588888888889,60.999722222222225,0.05110223352853511,0.05821403144251499,29.7703833798602,0.18772513740703026
V03421A,run0001,V10784A,run0012,600,700,119674.0,158955.0,6.648555555555555,8.830833333333333,0.019218850057453076,0.02214953389694356,32.823336731453765,0.5083356217240467
V03421A,run0001,V10784A,run0012,1350,1600,84863.0,116962.0,4.714611111111111,6.497888888888889,0.016184030385110282,0.01899983755616068,37.82449359555991,0.6214873636578724
V03421A,run0001,V10784A,run0012,2550,2700,15038.0,22295.0,0.8354444444444444,1.238611111111111,0.006812751297890858,0.008295283502995045,48.2577470408299,1.564462158306688
V03421A,run0001,V10784A,run0013,20,150,3974464.0,3365863.0,220.80355555555556,186.99238888888888,0.11075587658237762,0.10192382473878576,-15.31278179900485,0.06273184632389228
V03421A,run0001,V10784A,run0013,200,350,846106.0,1094411.0,47.00588888888889,60.80061111111111,0.05110223352853511,0.05811894466002511,29.346795791543844,0.18724567211766874
V03421A,run0001,V10784A,run0013,600,700,119674.0,160340.0,6.648555555555555,8.907777777777778,0.019218850057453076,0.022245820803240248,33.98064742550595,0.5118127511958008
V03421A,run0001,V10784A,run0013,1350,1600,84863.0,116958.0,4.714611111111111,6.4976666666666665,0.016184030385110282,0.018999512664315408,37.819780116187275,0.6214705777989105
V03421A,run0001,V10784A,run0013,2550,2700,15038.0,22477.0,0.8354444444444444,1.2487222222222223,0.006812751297890858,0.008329072985040018,49.46801436361219,1.5746590279401191
V03421A,run0001,V10784A,run0014,20,150,3974464.0,3207059.0,220.80355555555556,178.16994444444444,0.11075587658237762,0.09949035253185899,-19.308389760229304,0.06056809318361939
V03421A,run0001,V10784A,run0014,200,350,846106.0,1097705.0,47.00588888888889,60.98361111111111,0.05110223352853511,0.058206343254509026,29.736108714510934,0.1876863449190744
V03421A,run0001,V10784A,run0014,600,700,119674.0,160195.0,6.648555555555555,8.899722222222222,0.019218850057453076,0.02223575976542468,33.85948493407089,0.5114488019352815
V03421A,run0001,V10784A,run0014,1350,1600,84863.0,116197.0,4.714611111111111,6.455388888888889,0.016184030385110282,0.01893760058849544,36.92304066554328,0.6182764805787723
V03421A,run0001,V10784A,run0014,2550,2700,15038.0,21805.0,0.8354444444444444,1.2113888888888888,0.006812751297890858,0.00820362009822794,44.99933501795452,1.5369877913537067
V03421A,run0001,V10784A,run0015,20,150,3974464.0,3027368.0,220.80355555555556,168.1871111111111,0.11075587658237762,0.09666296289200807,-23.829527704867882,0.05810594915728282
V03421A,run0001,V10784A,run0015,200,350,846106.0,1099359.0,47.00588888888889,61.0755,0.05110223352853511,0.05825017882662107,29.931592495502922,0.1879075875564682
V03421A,run0001,V10784A,run0015,600,700,119674.0,160240.0,6.648555555555555,8.902222222222223,0.019218850057453076,0.022238882643572,33.89708708658523,0.5115617537537027
V03421A,run0001,V10784A,run0015,1350,1600,84863.0,117369.0,4.714611111111111,6.5205,0.016184030385110282,0.01903286631067428,38.30409012172562,0.6231951573146126
V03421A,run0001,V10784A,run0015,2550,2700,15038.0,22367.0,0.8354444444444444,1.242611111111111,0.006812751297890858,0.008308667198611576,48.73653411357894,1.568496585757107
V03421A,run0001,V10784A,run0016,20,150,3974464.0,1703830.0,220.80355555555556,94.65722222222222,0.11075587658237762,0.07251713292664867,-57.130571568895824,0.03925583471959356
V03421A,run0001,V10784A,run0016,200,350,846106.0,1103712.0,47.00588888888889,61.31733333333333,0.05110223352853511,0.05836538801822976,30.446067041245417,0.18848975836572437
V03421A,run0001,V10784A,run0016,600,700,119674.0,160549.0,6.648555555555555,8.91938888888889,0.019218850057453076,0.022260314574108597,34.1552885338503,0.512337306510443
V03421A,run0001,V10784A,run0016,1350,1600,84863.0,117303.0,4.714611111111111,6.5168333333333335,0.016184030385110282,0.019027514191199444,38.22631771207712,0.6229182402853503
V03421A,run0001,V10784A,run0016,2550,2700,15038.0,22295.0,0.8354444444444444,1.238611111111111,0.006812751297890858,0.008295283502995045,48.2577470408299,1.564462158306688
V03421A,run0002,V10784A,run0002,20,150,3324099.0,3925768.0,184.67216666666667,218.09822222222223,0.10128950989522466,0.11007528288055665,18.100213020129672,0.08802710324248289
V03421A,run0002,V10784A,run0002,200,350,859179.0,1108045.0,47.732166666666664,61.558055555555555,0.05149550501778808,0.05847984246993696,28.96555898130657,0.18538736258959468
V03421A,run0002,V10784A,run0002,600,700,121190.0,160072.0,6.732777777777778,8.892888888888889,0.019340196738310167,0.02222722165984875,32.08350523970624,0.5029363639896258
V03421A,run0002,V10784A,run0002,1350,1600,85254.0,115840.0,4.7363333333333335,6.435555555555555,0.016221270900568477,0.018908486565495687,35.87632251859149,0.6131358130867514
V03421A,run0002,V10784A,run0002,2550,2700,15037.0,22350.0,0.8353888888888888,1.2416666666666667,0.006812524776260303,0.008305509104292253,48.63337101815524,1.5676794778920033
V03421A,run0002,V10784A,run0017,20,150,3324099.0,3728375.0,184.67216666666667,207.13194444444446,0.10128950989522466,0.10727222495554746,12.161972311895642,0.08460959494829194
V03421A,run0002,V10784A,run0017,200,350,859179.0,1110612.0,47.732166666666664,61.70066666666666,0.05149550501778808,0.05854754320050342,29.26433257796106,0.18572303624616737
V03421A,run0002,V10784A,run0017,600,700,121190.0,160589.0,6.732777777777778,8.921611111111112,0.019340196738310167,0.02226308742579059,32.5101080947273,0.504210668298301
V03421A,run0002,V10784A,run0017,1350,1600,85254.0,116353.0,4.7363333333333335,6.464055555555555,0.016221270900568477,0.0189503086394619,36.47805381565674,0.6152752553828229
V03421A,run0002,V10784A,run0017,2550,2700,15037.0,22255.0,0.8353888888888888,1.236388888888889,0.006812524776260303,0.008287838777687356,48.0015960630445,1.5623554168608167
V03421A,run0002,V10784A,run0021,20,150,3324099.0,3811460.0,184.67216666666667,211.74777777777777,0.10128950989522466,0.10846089356122218,14.661446605531303,0.08604958088190638
V03421A,run0002,V10784A,run0021,200,350,859179.0,1107682.0,47.732166666666664,61.53788888888889,0.05149550501778808,0.05847026256943157,28.92330934531686,0.18533989108524473
V03421A,run0002,V10784A,run0021,600,700,121190.0,160748.0,6.732777777777778,8.930444444444445,0.019340196738310167,0.02227410609809372,32.64130703853454,0.5046025236556448
V03421A,run0002,V10784A,run0021,1350,1600,85254.0,116219.0,4.7363333333333335,6.456611111111111,0.016221270900568477,0.018939393265993254,36.320876439815144,0.6147164665246787
V03421A,run0002,V10784A,run0021,2550,2700,15037.0,22345.0,0.8353888888888888,1.2413888888888889,0.006812524776260303,0.008304580024463371,48.60011970472835,1.5673992928125107
V03421A,run0003,V10784A,run0003,20,150,3697258.0,4140127.0,205.4032222222222,230.00705555555555,0.10682364028367873,0.11304056684697941,11.978309330860881,0.08012587523004848
V03421A,run0003,V10784A,run0003,200,350,847658.0,1092640.0,47.09211111111111,60.702222222222225,0.05114908009985838,0.05807190094195596,28.901042637478813,0.18656998129080288
V03421A,run0003,V10784A,run0003,600,700,119640.0,158123.0,6.6466666666666665,8.784611111111111,0.019216119776355976,0.022091490457125884,32.1656636576396,0.5064308030455781
V03421A,run0003,V10784A,run0003,1350,1600,85011.0,116677.0,4.722833333333333,6.482055555555555,0.0161981366097965,0.018976675091566073,37.249297149780624,0.6188992684714978
V03421A,run0003,V10784A,run0003,2550,2700,15205.0,21930.0,0.8447222222222223,1.2183333333333333,0.006850475337206828,0.008227100654859232,44.228872081552105,1.5220586698764278
V03421A,run0001,V11925A,run0001,20,150,3974464.0,4100346.0,220.80355555555556,227.797,0.11075587658237762,0.11249617277440549,3.167269850727039,0.07262038674162685
V03421A,run0001,V11925A,run0001,200,350,846106.0,1094297.0,47.00588888888889,60.79427777777778,0.05110223352853511,0.05811591758325089,29.33332230240655,0.1872304197062938
V03421A,run0001,V11925A,run0001,600,700,119674.0,158316.0,6.648555555555555,8.795333333333334,0.019218850057453076,0.02210496843765287,32.2893861657503,0.5067307742609987
V03421A,run0001,V11925A,run0001,1350,1600,84863.0,114010.0,4.714611111111111,6.333888888888889,0.016184030385110282,0.018758537151104898,34.34594581855461,0.6090904843106756
V03421A,run0001,V11925A,run0001,2550,2700,15038.0,21336.0,0.8354444444444444,1.1853333333333333,0.006812751297890858,0.00811491539400454,41.880569224630946,1.5106606328613685
V03421A,run0002,V11925A,run0002,20,150,3324099.0,3379875.0,184.67216666666667,187.77083333333334,0.10128950989522466,0.10213575751402132,1.6779283649494214,0.07854265097787262
V03421A,run0002,V11925A,run0002,200,350,859179.0,1111338.0,47.732166666666664,61.741,0.05149550501778808,0.05856667615253196,29.34883184994048,0.18581796303656786
V03421A,run0002,V11925A,run0002,600,700,121190.0,160472.0,6.732777777777778,8.915111111111111,0.019340196738310167,0.02225497586197936,32.413565475699315,0.5039223073079829
V03421A,run0002,V11925A,run0002,1350,1600,85254.0,114103.0,4.7363333333333335,6.339055555555555,0.016221270900568477,0.01876618642895833,33.83888146010743,0.6058876906558781
V03421A,run0002,V11925A,run0002,2550,2700,15037.0,21763.0,0.8353888888888888,1.2090555555555556,0.006812524776260303,0.008195715532302214,44.72966682183947,1.5347636010373076
V03421A,run0003,V11925A,run0003,20,150,3697258.0,4141690.0,205.4032222222222,230.0938888888889,0.10682364028367873,0.11306190263373642,12.020583902989745,0.08014898936110594
V03421A,run0003,V11925A,run0003,200,350,847658.0,1091498.0,47.09211111111111,60.638777777777776,0.05114908009985838,0.05804154535894372,28.76631849165583,0.1864175725959922
V03421A,run0003,V11925A,run0003,600,700,119640.0,158397.0,6.6466666666666665,8.799833333333334,0.019216119776355976,0.022110622551833083,32.394684052156485,0.5071193315878688
V03421A,run0003,V11925A,run0003,1350,1600,85011.0,114550.0,4.722833333333333,6.363888888888889,0.0161981366097965,0.01880290888974494,34.7472680006117,0.6099899716462966
V03421A,run0003,V11925A,run0003,2550,2700,15205.0,21558.0,0.8447222222222223,1.1976666666666667,0.006850475337206828,0.00815702378548923,41.782308451167374,1.5015163624501746
V03421A,run0001,V11947B,run0001,20,150,3974464.0,4093383.0,220.80355555555556,227.41016666666667,0.11075587658237762,0.1124006145363456,2.992076415838718,0.07252740956902788
V03421A,run0001,V11947B,run0001,200,350,846106.0,1081306.0,47.00588888888889,60.07255555555555,0.05110223352853511,0.05776992467998261,27.79793548326095,0.18549167525107063
V03421A,run0001,V11947B,run0001,600,700,119674.0,156551.0,6.648555555555555,8.697277777777778,0.019218850057453076,0.021981403475789075,30.81454618379933,0.5022959811374721
V03421A,run0001,V11947B,run0001,1350,1600,84863.0,115425.0,4.714611111111111,6.4125,0.016184030385110282,0.018874586088176874,36.013339146624546,0.6150350067955499
V03421A,run0001,V11947B,run0001,2550,2700,15038.0,21824.0,0.8354444444444444,1.2124444444444444,0.006812751297890858,0.008207193472275283,45.12568160659662,1.5380537153958371
V03421A,run0002,V11947B,run0002,20,150,3324099.0,3301876.0,184.67216666666667,183.43755555555555,0.10128950989522466,0.100950360616701,-0.668542062074573,0.07717814780169062
V03421A,run0002,V11947B,run0002,200,350,859179.0,1098597.0,47.732166666666664,61.033166666666666,0.05149550501778808,0.058229987819692026,27.865904543756304,0.18415148453874808
V03421A,run0002,V11947B,run0002,600,700,121190.0,158661.0,6.732777777777778,8.8145,0.019340196738310167,0.022129040748402187,30.919217757240713,0.4994572791308622
V03421A,run0002,V11947B,run0002,1350,1600,85254.0,115741.0,4.7363333333333335,6.430055555555556,0.016221270900568477,0.01890040498618946,35.760198934947326,0.6127228762354765
V03421A,run0002,V11947B,run0002,2550,2700,15037.0,21764.0,0.8353888888888888,1.209111111111111,0.006812524776260303,0.008195903824848902,44.736317084524835,1.5348197145824127
V03421A,run0003,V11947B,run0003,20,150,3697258.0,3770785.0,205.4032222222222,209.48805555555555,0.10682364028367873,0.10788060673096891,1.988689996748949,0.07464481643422213
V03421A,run0003,V11947B,run0003,200,350,847658.0,1081959.0,47.09211111111111,60.10883333333334,0.05114908009985838,0.057787365657465554,27.640982566082094,0.1851441364919095
V03421A,run0003,V11947B,run0003,600,700,119640.0,157057.0,6.6466666666666665,8.725388888888888,0.019216119776355976,0.02201689867262176,31.274657305249075,0.5037514015860689
V03421A,run0003,V11947B,run0003,1350,1600,85011.0,115847.0,4.722833333333333,6.435944444444444,0.0161981366097965,0.01890905785954981,36.2729529119761,0.6154237829791191
V03421A,run0003,V11947B,run0003,2550,2700,15205.0,21706.0,0.8447222222222223,1.2058888888888888,0.006850475337206828,0.008184975697000805,42.75567247615915,1.509691355520612
V03421A,run0001,V13044A,run0001,20,150,3974464.0,4909178.0,220.80355555555556,227.27675925925925,0.11075587658237762,0.10257715236800381,2.9316573672995005,0.06945456835084275
V03421A,run0001,V13044A,run0001,200,350,846106.0,1320813.0,47.00588888888889,61.14875,0.05110223352853511,0.05320677257782273,30.087424034340838,0.1811438516868787
V03421A,run0001,V13044A,run0001,600,700,119674.0,192104.0,6.648555555555555,8.893703703703704,0.019218850057453076,0.020291514035136324,33.76896123357342,0.4926176640386984
V03421A,run0001,V13044A,run0001,1350,1600,84863.0,142334.0,4.714611111111111,6.589537037037037,0.016184030385110282,0.017466286357496977,39.76841104682449,0.6061733049233761
V03421A,run0001,V13044A,run0001,2550,2700,15038.0,26865.0,0.8354444444444444,1.24375,0.006812751297890858,0.0075882157664709645,48.87285543290329,1.5161759872586582
V03421A,run0002,V13044A,run0002,20,150,3324099.0,4886909.0,184.67216666666667,226.24578703703705,0.10128950989522466,0.1023442328245975,22.51212032694172,0.08710101041614406
V03421A,run0002,V13044A,run0002,200,350,859179.0,1344516.0,47.732166666666664,62.24611111111111,0.05149550501778808,0.053682067800078094,30.407051382773552,0.18011587998880302
V03421A,run0002,V13044A,run0002,600,700,121190.0,195842.0,6.732777777777778,9.066759259259259,0.019340196738310167,0.0204879811868777,34.66595153615535,0.4921789594805785
V03421A,run0002,V13044A,run0002,1350,1600,85254.0,141866.0,4.7363333333333335,6.56787037037037,0.016221270900568477,0.017437547783513942,38.66993533050256,0.6009155723160249
V03421A,run0002,V13044A,run0002,2550,2700,15037.0,26641.0,0.8353888888888888,1.2333796296296295,0.006812524776260303,0.007556514327330394,47.64137350091995,1.5059330019481012
V03421A,run0003,V13044A,run0003,20,150,3697258.0,4556388.0,205.4032222222222,210.9438888888889,0.10682364028367873,0.09882267342008616,2.697458494917049,0.07188402501730727
V03421A,run0003,V13044A,run0003,200,350,847658.0,1322110.0,47.09211111111111,61.2087962962963,0.05114908009985838,0.05323288992035823,29.9767516301779,0.1808540344008171
V03421A,run0003,V13044A,run0003,600,700,119640.0,193783.0,6.6466666666666665,8.971435185185186,0.019216119776355976,0.020379995621597938,34.97645714922546,0.4962807347719936
V03421A,run0003,V13044A,run0003,1350,1600,85011.0,142833.0,4.722833333333333,6.612638888888889,0.0161981366097965,0.017496876558414975,40.014233452141504,0.6065116451695786
V03421A,run0003,V13044A,run0003,2550,2700,15205.0,26940.0,0.8447222222222223,1.2472222222222222,0.006850475337206828,0.007598800533460864,47.64879973692864,1.497652107627713
V03421A,run0001,V13049A,run0001,20,150,3974464.0,2472371.0,220.80355555555556,228.92324074074074,0.11075587658237762,0.14559050918546648,3.677334436375146,0.0839771238265355
V03421A,run0001,V13049A,run0001,200,350,846106.0,659416.0,47.00588888888889,61.057037037037034,0.05110223352853511,0.0751892901634349,29.892314516936015,0.213370748565811
V03421A,run0001,V13049A,run0001,600,700,119674.0,95590.0,6.648555555555555,8.850925925925926,0.019218850057453076,0.028627437508908733,33.125546623883785,0.5774853518343172
V03421A,run0001,V13049A,run0001,1350,1600,84863.0,69744.0,4.714611111111111,6.457777777777777,0.016184030385110282,0.02445286050406528,36.97371056879912,0.7000663150796875
V03421A,run0001,V13049A,run0001,2550,2700,15038.0,12878.0,0.8354444444444444,1.1924074074074074,0.006812751297890858,0.010507525554499672,42.72731302921486,1.7136196521116487
V03421A,run0002,V13049A,run0002,20,150,3324099.0,2531098.0,184.67216666666667,234.36092592592593,0.10128950989522466,0.147309489626032,26.906468991045895,0.10586759839776813
V03421A,run0002,V13049A,run0002,200,350,859179.0,670727.0,47.732166666666664,62.10435185185185,0.05149550501778808,0.0758314113626111,30.11006243557319,0.21199642530049206
V03421A,run0002,V13049A,run0002,600,700,121190.0,96442.0,6.732777777777778,8.929814814814815,0.019340196738310167,0.028754733611623774,32.63195533184806,0.5723254416163087
V03421A,run0002,V13049A,run0002,1350,1600,85254.0,69808.0,4.7363333333333335,6.463703703703704,0.016221270900568477,0.024464077413143315,36.4706250342115,0.6965974672702221
V03421A,run0002,V13049A,run0002,2550,2700,15037.0,13045.0,0.8353888888888888,1.2078703703703704,0.006812524776260303,0.010575436119062306,44.58779455121811,1.7299876756685657
V03421A,run0001,V14618A,run0001,20,150,3974464.0,4252805.0,220.80355555555556,236.26694444444445,0.11075587658237762,0.11456850072347412,7.00323364358062,0.0746530803228344
V03421A,run0001,V14618A,run0001,200,350,846106.0,943443.0,47.00588888888889,52.4135,0.05110223352853511,0.05396166334640835,11.504114141726918,0.1669523237759062
V03421A,run0001,V14618A,run0001,600,700,119674.0,134253.0,6.648555555555555,7.4585,0.019218850057453076,0.020355861836608913,12.182261811253902,0.44598138272590043
V03421A,run0001,V14618A,run0001,1350,1600,84863.0,94167.0,4.714611111111111,5.2315,0.016184030385110282,0.017048134469462895,10.963553020751093,0.5252120752526427
V03421A,run0001,V14618A,run0001,2550,2700,15038.0,16743.0,0.8354444444444444,0.9301666666666667,0.006812751297890858,0.007188596937228149,11.337943875515366,1.250878986975606
V03421A,run0001,V14618A,run0003,20,150,3974464.0,4235295.0,220.80355555555556,235.29416666666665,0.11075587658237762,0.11433240200462923,6.562671092252925,0.07441991773913122
V03421A,run0001,V14618A,run0003,200,350,846106.0,953242.0,47.00588888888889,52.95788888888889,0.05110223352853511,0.05424117382829768,12.66224326502825,0.1682759322268939
V03421A,run0001,V14618A,run0003,600,700,119674.0,133905.0,6.648555555555555,7.439166666666667,0.019218850057453076,0.020329462290897837,11.891471831809763,0.4450976779057189
V03421A,run0001,V14618A,run0003,1350,1600,84863.0,93414.0,4.714611111111111,5.189666666666667,0.016184030385110282,0.016979835535564376,10.076240528852388,0.5220066942022362
V03421A,run0001,V14618A,run0003,2550,2700,15038.0,16747.0,0.8354444444444444,0.9303888888888889,0.006812751297890858,0.007189455584739241,11.36454315733475,1.2511071247750705
V03421A,run0002,V14618A,run0004,20,150,3324099.0,4650067.0,184.67216666666667,258.33705555555554,0.10128950989522466,0.11980007780454614,39.88954600930958,0.10047576391300121
V03421A,run0002,V14618A,run0004,200,350,859179.0,971872.0,47.732166666666664,53.99288888888889,0.05149550501778808,0.05476864922810864,13.11635875644075,0.1675055785587326
V03421A,run0002,V14618A,run0004,600,700,121190.0,137127.0,6.732777777777778,7.618166666666666,0.019340196738310167,0.02057259053890592,13.15042495255383,0.4461057318307689
V03421A,run0002,V14618A,run0004,1350,1600,85254.0,94087.0,4.7363333333333335,5.227055555555555,0.016221270900568477,0.017040891270958862,10.360804185140871,0.5218341021935342
V03421A,run0002,V14618A,run0004,2550,2700,15037.0,16769.0,0.8353888888888888,0.9316111111111111,0.006812524776260303,0.007194176314179836,11.51825497107135,1.252467052430398
V03421A,run0003,V14618A,run0002,20,150,3697258.0,4143630.0,205.4032222222222,230.20166666666665,0.10682364028367873,0.11308837907354354,12.073055220923191,0.08017767780274908
V03421A,run0003,V14618A,run0002,200,350,847658.0,943153.0,47.09211111111111,52.39738888888889,0.05114908009985838,0.05395336921252199,11.265746326938464,0.1665271134787459
V03421A,run0003,V14618A,run0002,600,700,119640.0,133585.0,6.6466666666666665,7.421388888888889,0.019216119776355976,0.020305156554827383,11.655800735539955,0.4444444944587596
V03421A,run0003,V14618A,run0002,1350,1600,85011.0,94987.0,4.722833333333333,5.277055555555555,0.0161981366097965,0.017122200591233004,11.734951947395045,0.5275373800958653
V03421A,run0003,V14618A,run0002,2550,2700,15205.0,17020.0,0.8447222222222223,0.9455555555555556,0.006850475337206828,0.007247817892133526,11.936862874054576,1.24909826225147
V03421A,run0003,V14618A,run0005,20,150,3697258.0,4346883.0,205.4032222222222,241.4935,0.10682364028367873,0.11582877688880062,17.57045356315412,0.08317813465653112
V03421A,run0003,V14618A,run0005,200,350,847658.0,955533.0,47.09211111111111,53.085166666666666,0.05114908009985838,0.054306315709371465,12.726241007576178,0.16819485739148177
V03421A,run0003,V14618A,run0005,600,700,119640.0,134774.0,6.6466666666666665,7.487444444444445,0.019216119776355976,0.02039532141944493,12.649615513206292,0.4474648809467144
V03421A,run0003,V14618A,run0005,1350,1600,85011.0,94009.0,4.722833333333333,5.222722222222222,0.0161981366097965,0.017033826186969893,10.584512592488027,0.5233868484135514
V03421A,run0003,V14618A,run0005,2550,2700,15205.0,16974.0,0.8447222222222223,0.943,0.006850475337206828,0.007238016916869488,11.634330812232797,1.246518516315403
V03421A,run0001,V14654A,run0001,20,150,3974464.0,4577497.0,220.80355555555556,254.3053888888889,0.11075587658237762,0.11886158824655604,15.172687436595233,0.07896398160103375
V03421A,run0001,V14654A,run0001,200,350,846106.0,1040650.0,47.00588888888889,57.81388888888889,0.05110223352853511,0.05667347453658883,22.992863778297277,0.18004167802091062
V03421A,run0001,V14654A,run0001,600,700,119674.0,149408.0,6.648555555555555,8.300444444444445,0.019218850057453076,0.021474072796494284,24.845831174691256,0.48431680524809323
V03421A,run0001,V14654A,run0001,1350,1600,84863.0,107486.0,4.714611111111111,5.971444444444445,0.016184030385110282,0.018213920873338802,26.658260961785473,0.5816253760214984
V03421A,run0001,V14654A,run0001,2550,2700,15038.0,19569.0,0.8354444444444444,1.0871666666666666,0.006812751297890858,0.007771624550127736,30.13033648091501,1.4111759694498547
V03421A,run0002,V14654A,run0002,20,150,3324099.0,4190560.0,184.67216666666667,232.8088888888889,0.10128950989522466,0.11372698519038402,26.066040752697205,0.09259333913532733
V03421A,run0002,V14654A,run0002,200,350,859179.0,1055079.0,47.732166666666664,58.6155,0.05149550501778808,0.05706502139372828,22.800836612626707,0.1784502844968902
V03421A,run0002,V14654A,run0002,600,700,121190.0,150706.0,6.732777777777778,8.372555555555556,0.019340196738310167,0.0215671503752499,24.355144813928554,0.47980691480400434
V03421A,run0002,V14654A,run0002,1350,1600,85254.0,107151.0,4.7363333333333335,5.952833333333333,0.016221270900568477,0.018185515196522836,25.684425364205786,0.576811810496591
V03421A,run0002,V14654A,run0002,2550,2700,15037.0,19505.0,0.8353888888888888,1.083611111111111,0.006812524776260303,0.007758905675670418,29.713373678260304,1.4076831679151964
V03421A,run0003,V14654A,run0003,20,150,3697258.0,4361078.0,205.4032222222222,242.2821111111111,0.10682364028367873,0.11601774555623211,17.954386737414584,0.08338731248277276
V03421A,run0003,V14654A,run0003,200,350,847658.0,1040654.0,47.09211111111111,57.81411111111111,0.05114908009985838,0.056673583455860585,22.768144699867165,0.17962180561575208
V03421A,run0003,V14654A,run0003,600,700,119640.0,148926.0,6.6466666666666665,8.273666666666667,0.019216119776355976,0.02143940643180562,24.478435305917756,0.4832770496068563
V03421A,run0003,V14654A,run0003,1350,1600,85011.0,107813.0,4.722833333333333,5.989611111111111,0.0161981366097965,0.018241605544455405,26.82241121737188,0.5817058374271624
V03421A,run0003,V14654A,run0003,2550,2700,15205.0,19595.0,0.8447222222222223,1.0886111111111112,0.006850475337206828,0.007776785651008287,28.87208155212102,1.3927803122804885
V03421A,run0001,V14673A,run0001,20,150,3974464.0,5006827.0,220.80355555555556,231.7975462962963,0.11075587658237762,0.10359231575791611,4.979082294702719,0.07052637782143703
V03421A,run0001,V14673A,run0001,200,350,846106.0,1262013.0,47.00588888888889,58.42652777777778,0.05110223352853511,0.052008959243228334,24.296187475328157,0.17464697481801628
V03421A,run0001,V14673A,run0001,600,700,119674.0,180205.0,6.648555555555555,8.342824074074073,0.019218850057453076,0.01965303679539646,25.48325729342491,0.4679241806408684
V03421A,run0001,V14673A,run0001,1350,1600,84863.0,130399.0,4.714611111111111,6.036990740740741,0.016184030385110282,0.016717963753738987,28.04854098173921,0.5647574897148886
V03421A,run0001,V14673A,run0001,2550,2700,15038.0,23673.0,0.8354444444444444,1.0959722222222221,0.006812751297890858,0.007123163253254153,31.18433302300836,1.3679728480131637
V03421A,run0002,V14673A,run0002,20,150,3324099.0,5571226.0,184.67216666666667,257.92712962962963,0.10128950989522466,0.10927520677713934,39.66757107214116,0.09679749703911332
V03421A,run0002,V14673A,run0002,200,350,859179.0,1284995.0,47.732166666666664,59.49050925925926,0.05149550501778808,0.05248037960499356,24.63400137418008,0.17368967613605607
V03421A,run0002,V14673A,run0002,600,700,121190.0,183532.0,6.732777777777778,8.496851851851853,0.019340196738310167,0.019833627275893516,26.20128173391645,0.46711775975435244
V03421A,run0002,V14673A,run0002,1350,1600,85254.0,131253.0,4.7363333333333335,6.076527777777778,0.016221270900568477,0.016772618473353377,28.296033030708223,0.5643352748197271
V03421A,run0002,V14673A,run0002,2550,2700,15037.0,23579.0,0.8353888888888888,1.0916203703703704,0.006812524776260303,0.007109006970719565,30.67211988206868,1.3637139669296807
V03421A,run0003,V14673A,run0003,20,150,3697258.0,5099025.0,205.4032222222222,236.06597222222223,0.10682364028367873,0.10454176292503034,14.928076428531645,0.0785040902778854
V03421A,run0003,V14673A,run0003,200,350,847658.0,1264847.0,47.09211111111111,58.55773148148148,0.05114908009985838,0.05206732264199518,24.347221009731122,0.17454428217775372
V03421A,run0003,V14673A,run0003,600,700,119640.0,181462.0,6.6466666666666665,8.40101851851852,0.019216119776355976,0.019721461470286767,26.394461161261585,0.4707104219880189
V03421A,run0003,V14673A,run0003,1350,1600,85011.0,131370.0,4.722833333333333,6.081944444444445,0.0161981366097965,0.01678009243292817,28.777452329698527,0.566844227519913
V03421A,run0003,V14673A,run0003,2550,2700,15205.0,23692.0,0.8447222222222223,1.0968518518518517,0.006850475337206828,0.007126021212884131,29.84763783843032,1.3492674163848535
