reference,detector,status,n_comparisons,plot_path,error
V03421A,V03422A,saved,3,/global/u2/r/ritaferi/HADES_DATA/detector_comparison_plots/v1.2.1/c1/am_HS1_top_dlt/reference_V03421A/E_0_150_keV/V03421A_vs_V03422A_am_HS1_top_dlt.png,
V03421A,V06643A,no_matching_runs,0,,
V03421A,V06659A,no_matching_runs,0,,
V03421A,V07298B,saved,3,/global/u2/r/ritaferi/HADES_DATA/detector_comparison_plots/v1.2.1/c1/am_HS1_top_dlt/reference_V03421A/E_0_150_keV/V03421A_vs_V07298B_am_HS1_top_dlt.png,
V03421A,V07302A,saved,3,/global/u2/r/ritaferi/HADES_DATA/detector_comparison_plots/v1.2.1/c1/am_HS1_top_dlt/reference_V03421A/E_0_150_keV/V03421A_vs_V07302A_am_HS1_top_dlt.png,
V03421A,V07302B,saved,3,/global/u2/r/ritaferi/HADES_DATA/detector_comparison_plots/v1.2.1/c1/am_HS1_top_dlt/reference_V03421A/E_0_150_keV/V03421A_vs_V07302B_am_HS1_top_dlt.png,
V03421A,V07647B,saved,3,/global/u2/r/ritaferi/HADES_DATA/detector_comparison_plots/v1.2.1/c1/am_HS1_top_dlt/reference_V03421A/E_0_150_keV/V03421A_vs_V07647B_am_HS1_top_dlt.png,
V03421A,V10437B,saved,3,/global/u2/r/ritaferi/HADES_DATA/detector_comparison_plots/v1.2.1/c1/am_HS1_top_dlt/reference_V03421A/E_0_150_keV/V03421A_vs_V10437B_am_HS1_top_dlt.png,
V03421A,V10447B,saved,3,/global/u2/r/ritaferi/HADES_DATA/detector_comparison_plots/v1.2.1/c1/am_HS1_top_dlt/reference_V03421A/E_0_150_keV/V03421A_vs_V10447B_am_HS1_top_dlt.png,
V03421A,V10784A,saved,18,/global/u2/r/ritaferi/HADES_DATA/detector_comparison_plots/v1.2.1/c1/am_HS1_top_dlt/reference_V03421A/E_0_150_keV/V03421A_vs_V10784A_am_HS1_top_dlt.png,
V03421A,V11924A,no_common_measure,0,,
V03421A,V11925A,saved,3,/global/u2/r/ritaferi/HADES_DATA/detector_comparison_plots/v1.2.1/c1/am_HS1_top_dlt/reference_V03421A/E_0_150_keV/V03421A_vs_V11925A_am_HS1_top_dlt.png,
V03421A,V11947B,saved,3,/global/u2/r/ritaferi/HADES_DATA/detector_comparison_plots/v1.2.1/c1/am_HS1_top_dlt/reference_V03421A/E_0_150_keV/V03421A_vs_V11947B_am_HS1_top_dlt.png,
V03421A,V13044A,saved,3,/global/u2/r/ritaferi/HADES_DATA/detector_comparison_plots/v1.2.1/c1/am_HS1_top_dlt/reference_V03421A/E_0_150_keV/V03421A_vs_V13044A_am_HS1_top_dlt.png,
V03421A,V13049A,saved,2,/global/u2/r/ritaferi/HADES_DATA/detector_comparison_plots/v1.2.1/c1/am_HS1_top_dlt/reference_V03421A/E_0_150_keV/V03421A_vs_V13049A_am_HS1_top_dlt.png,
V03421A,V14618A,saved,5,/global/u2/r/ritaferi/HADES_DATA/detector_comparison_plots/v1.2.1/c1/am_HS1_top_dlt/reference_V03421A/E_0_150_keV/V03421A_vs_V14618A_am_HS1_top_dlt.png,
V03421A,V14654A,saved,3,/global/u2/r/ritaferi/HADES_DATA/detector_comparison_plots/v1.2.1/c1/am_HS1_top_dlt/reference_V03421A/E_0_150_keV/V03421A_vs_V14654A_am_HS1_top_dlt.png,
V03421A,V14673A,saved,3,/global/u2/r/ritaferi/HADES_DATA/detector_comparison_plots/v1.2.1/c1/am_HS1_top_dlt/reference_V03421A/E_0_150_keV/V03421A_vs_V14673A_am_HS1_top_dlt.png,
